<?xml version="1.0" encoding="UTF-8"?>
<extension
	type="module"
	version="3.0"
	client="site"
	method="upgrade">
	<name>Kontaktformular</name>
	<author>Gesine Frank</author>
	<creationDate>Januar 2014</creationDate>
	<copyright>Gesine Frank</copyright>
	<license>GNU General Public License version 2 or later; see LICENSE.txt</license>
	<authorEmail>master@mindenmix.de</authorEmail>
	<authorURL>www.gesine-frank.de</authorURL>
	<version>3.0.2</version>
	<description>Kontaktformular</description>
	<files>
		<filename module="mod_kont_form">mod_kont_form.php</filename><filename>index.html</filename><filename>helper.php</filename><filename>mod_kont_form.js</filename><filename>mod_kont_form.xml</filename>
		<folder>tmpl</folder>
		<folder>css</folder>
				</files>
	<config>
		<fields name="params">
			<fieldset name="basic">
				<field
					name="adresse"
					type="textarea"
					filter="safehtml"
					cols="30"
					rows="1"
					label="E-Mail-Adresse"
					description="Tragen Sie hier die Mailadresse ein" >
					<option
						value="">master@mindenmix.de</option>
</field>
<field
					name="betreff"
					type="textarea"
					filter="safehtml"
					cols="30"
					rows="1"
					label="Betreff"
					description="Tragen Sie hier den Betrefftext ein" >
					<option
						value="">via Webformular auf...</option>
</field>
</fieldset>
</fields>
	</config>
	</extension>
